id,Full Name,Email,Salary,Contact,Year
1,Gwenneth Marchand,gmarchand0@google.com,$32515.63,+55-826-584-2894,2007
2,Elbertina Rastrick,erastrick1@purevolume.com,$62670.76,+92-954-472-9086,2001
3,Nicolette Seccombe,nseccombe2@netlog.com,$59239.52,+55-298-775-9255,2006
4,Jermain Tuftin,jtuftin3@theglobeandmail.com,$77333.59,+55-204-974-3358,1984
5,Dorette Klossmann,dklossmann4@soup.io,$46066.64,+51-582-371-8257,1996
6,Barbi Henriksson,bhenriksson5@abc.net.au,$59622.35,+359-362-392-1974,2001
7,Wernher Humbey,whumbey6@nps.gov,$47338.97,+86-916-408-1358,1995
8,Gwyneth Clemonts,gclemonts7@seattletimes.com,$46583.24,+976-111-318-0326,1990
9,Sheffie Witcomb,switcomb8@list-manage.com,$26971.67,+84-961-419-9069,1991
10,Betteann Kadar,bkadar9@epa.gov,$43066.67,+30-178-766-9257,2008
11,Annissa Laughlin,alaughlina@t.co,$70143.23,+34-768-719-5874,1990
12,Martynne Hatcher,mhatcherb@craigslist.org,$36478.51,+92-634-406-9790,1998
13,Anestassia Elfes,aelfesc@ibm.com,$19980.34,+86-182-226-4155,2010
14,Karen Vinten,kvintend@adobe.com,$71031.15,+57-753-824-0580,1999
15,Tina Swaine,tswainee@noaa.gov,$35093.35,+86-582-735-6128,2005
16,Erasmus Millichap,emillichapf@bloomberg.com,$77012.26,+352-972-140-1006,2012
17,Jewel Henke,jhenkeg@dyndns.org,$43762.85,+86-626-460-2664,2010
18,Giffard Dalla,gdallah@forbes.com,$19106.81,+63-644-748-4331,2009
19,Glen Thornton-Dewhirst,gthorntondewhirsti@cdc.gov,$32561.87,+57-364-472-0131,2012
20,Reinold Rolfe,rrolfej@sun.com,$42876.98,+880-617-643-8708,1992
21,Rodge Warhurst,rwarhurstk@blogspot.com,$67715.15,+351-223-712-6147,2008
22,Biddie Lafontaine,blafontainel@nytimes.com,$63625.58,+86-101-192-1421,2009
23,Emylee Slowcock,eslowcockm@bandcamp.com,$24177.71,+33-701-135-1701,2010
24,Corbet Runchman,crunchmann@yahoo.com,$62823.49,+49-934-722-9290,2010
25,Zorana Bowerbank,zbowerbanko@buzzfeed.com,$23258.60,+86-128-963-2060,2011
26,Hatti Matterson,hmattersonp@last.fm,$56330.70,+380-870-750-8483,2000
27,Odelia Harmes,oharmesq@imdb.com,$84355.34,+54-537-869-4213,1984
28,Lindi Thorns,lthornsr@gov.uk,$21668.43,+66-682-965-7960,2006
29,Flor Kemwall,fkemwalls@smugmug.com,$29843.07,+48-914-208-2267,2005
30,Larry Cammish,lcammisht@columbia.edu,$50241.82,+46-181-658-2694,2011
31,Kamillah Cootes,kcootesu@mashable.com,$82642.50,+380-911-935-3385,2004
32,Perla Coopey,pcoopeyv@zimbio.com,$78283.46,+230-605-563-9505,2010
33,Tait Coveley,tcoveleyw@huffingtonpost.com,$69235.71,+86-395-882-9263,1997
34,Daven Quarrington,dquarringtonx@oaic.gov.au,$84522.12,+269-150-365-3401,2006
35,Antony Breche,abrechey@go.com,$82632.87,+33-630-165-6188,1998
36,Stavro Bastie,sbastiez@hao123.com,$26533.15,+84-488-523-3504,1989
37,Marlo Bontoft,mbontoft10@virginia.edu,$82111.01,+86-405-822-1418,2012
38,Gun Timcke,gtimcke11@cbslocal.com,$81902.48,+54-883-736-3806,2007
39,Jermaine Kalinowsky,jkalinowsky12@aboutads.info,$82512.82,+54-647-284-7147,1994
40,Beatrice Lauritsen,blauritsen13@cafepress.com,$21985.90,+420-110-649-6069,2001
41,Giffy Shall,gshall14@example.com,$48033.97,+1-704-584-6053,1987
42,Lorilee Heistermann,lheistermann15@tumblr.com,$61956.79,+503-476-467-6110,1993
43,Nickie Charrett,ncharrett16@youtube.com,$58805.19,+52-365-821-6263,1989
44,Meara Pendrid,mpendrid17@stumbleupon.com,$60636.60,+86-998-763-9860,1997
45,Felicio Dary,fdary18@google.com,$39418.74,+212-164-694-7620,2001
46,Emmery Clyant,eclyant19@sciencedaily.com,$51478.25,+86-349-751-9389,1999
47,Pattie Tolcher,ptolcher1a@tuttocitta.it,$67550.62,+86-270-441-2125,1987
48,Lonny Dumbleton,ldumbleton1b@reddit.com,$24579.93,+51-946-839-6163,1997
49,Gaile McCree,gmccree1c@va.gov,$63791.77,+55-715-969-3071,1998
50,Quintilla Slatter,qslatter1d@census.gov,$32273.02,+62-528-883-7631,2010
51,Marshall Radnedge,mradnedge1e@phoca.cz,$39873.30,+58-580-347-9622,2012
52,Reginauld Ovendale,rovendale1f@freewebs.com,$37837.52,+216-393-784-7941,1997
53,Zahara Dripps,zdripps1g@dion.ne.jp,$55320.58,+62-696-581-3163,1997
54,Carolina Hobgen,chobgen1h@weibo.com,$71935.72,+86-858-234-7228,2012
55,Worth Rozenzweig,wrozenzweig1i@booking.com,$75086.40,+63-265-638-0851,1988
56,Alida Skotcher,askotcher1j@state.gov,$51272.49,+92-431-519-6265,2010
57,Maison Jerzak,mjerzak1k@fc2.com,$39706.47,+86-902-112-7391,2009
58,Moss Sperring,msperring1l@people.com.cn,$79576.03,+7-774-998-7706,1995
59,Kaleb Pohling,kpohling1m@dyndns.org,$26615.44,+86-751-246-1485,2008
60,Moyra Sherrington,msherrington1n@timesonline.co.uk,$56596.17,+55-751-166-0262,2002
61,Frederica Sutcliffe,fsutcliffe1o@nsw.gov.au,$51979.20,+86-640-355-6849,1992
62,Merridie Brake,mbrake1p@bbb.org,$23910.89,+63-176-735-5071,1992
63,Kanya Pawel,kpawel1q@hugedomains.com,$62084.22,+358-510-380-8882,2006
64,Mikol Probbings,mprobbings1r@cpanel.net,$30825.48,+86-267-703-5254,1986
65,Rodge Jarrold,rjarrold1s@360.cn,$45883.49,+48-866-134-7668,2004
66,Blair Stamper,bstamper1t@reddit.com,$40885.26,+351-379-125-7525,2012
67,Enos Leat,eleat1u@addtoany.com,$79143.33,+86-106-535-3466,2008
68,Annmaria Cawkwell,acawkwell1v@foxnews.com,$25224.09,+66-464-589-5142,1987
69,Lacie Sandes,lsandes1w@google.it,$72457.39,+48-264-507-0765,2007
70,Chere Itzkovich,citzkovich1x@biglobe.ne.jp,$17306.90,+7-461-918-3410,2000
71,Henka Stanyer,hstanyer1y@nature.com,$63117.47,+373-160-387-0153,2004
72,Jacqui Belliveau,jbelliveau1z@cyberchimps.com,$74729.32,+7-552-721-2591,1992
73,Lilias Matis,lmatis20@sciencedaily.com,$24656.55,+62-819-585-0485,1996
74,Ilysa Hagston,ihagston21@state.gov,$71221.63,+86-941-515-1829,1999
75,Wheeler Kender,wkender22@ocn.ne.jp,$36375.27,+62-624-462-9005,1988
76,Colan Seely,cseely23@si.edu,$72862.37,+62-822-706-0570,2008
77,Ginnie Kilius,gkilius24@reverbnation.com,$20517.48,+963-102-302-0266,1999
78,Shaun Dumberrill,sdumberrill25@sun.com,$76825.71,+389-131-888-9395,2000
79,Flori Pfeffer,fpfeffer26@123-reg.co.uk,$44463.16,+62-997-794-9699,2008
80,Jobyna Challis,jchallis27@chicagotribune.com,$23742.10,+351-434-655-0840,2010
81,Doreen Morsom,dmorsom28@shutterfly.com,$60206.76,+48-867-172-8619,2011
82,Allister Dyka,adyka29@technorati.com,$26890.41,+86-703-547-6023,2007
83,Jeremie Burnitt,jburnitt2a@edublogs.org,$32326.36,+62-447-136-0168,2009
84,Lannie Beeby,lbeeby2b@bigcartel.com,$41144.80,+7-963-859-0898,1997
85,Deeann Bandiera,dbandiera2c@usa.gov,$60014.52,+880-802-215-1596,2008
86,Tonye Durn,tdurn2d@epa.gov,$64371.41,+51-660-482-3456,1992
87,Dionne Woods,dwoods2e@sina.com.cn,$53119.03,+86-401-301-8395,1996
88,Hector Childs,hchilds2f@mayoclinic.com,$48157.84,+33-564-297-2323,1965
89,Lindi Malinson,lmalinson2g@studiopress.com,$70233.90,+86-299-919-0635,1995
90,Gerry Maving,gmaving2h@shutterfly.com,$68454.01,+51-165-944-9505,1991
91,Riva Calcutt,rcalcutt2i@ucsd.edu,$26798.08,+48-314-862-6931,2009
92,Sarita O'Driscole,sodriscole2j@exblog.jp,$76837.75,+7-795-320-5824,1999
93,Akim Gillinghams,agillinghams2k@multiply.com,$27454.29,+45-903-373-9002,1991
94,Wat Texton,wtexton2l@examiner.com,$75445.60,+86-323-455-7996,1997
95,Florian Schroder,fschroder2m@booking.com,$45073.20,+86-728-832-1341,1999
96,Tine Regardsoe,tregardsoe2n@dot.gov,$50679.71,+51-311-290-5321,1994
97,Eugenius Pearde,epearde2o@xing.com,$19587.07,+62-768-101-6089,2012
98,Olive Axe,oaxe2p@nifty.com,$66384.89,+7-714-305-1111,2003
99,Daffi Deignan,ddeignan2q@sbwire.com,$51973.11,+970-509-141-4783,2012
100,Brian Mullen,bmullen2r@arstechnica.com,$28541.51,+355-179-272-6819,1994
101,Dix Jeske,djeske2s@nymag.com,$21470.72,+7-729-923-8161,1996
102,Alec Bramhill,abramhill2t@macromedia.com,$27163.19,+46-381-269-6250,2010
103,Alethea Rubery,arubery2u@nydailynews.com,$29355.32,+7-675-646-9446,2001
104,Penny Folling,pfolling2v@sbwire.com,$72278.98,+237-277-871-4155,1986
105,Sara-ann Adamkiewicz,sadamkiewicz2w@angelfire.com,$79119.63,+212-653-313-6391,1998
106,Novelia Parker,nparker2x@wikia.com,$25105.47,+62-612-696-8224,2006
107,Rubin Volker,rvolker2y@cam.ac.uk,$83753.06,+54-731-608-8476,2004
108,Fidole Bodsworth,fbodsworth2z@rediff.com,$54437.28,+27-734-347-2813,2000
109,Crystie Cutteridge,ccutteridge30@geocities.com,$27496.20,+46-574-895-8202,2004
110,Ulysses Abden,uabden31@examiner.com,$30377.00,+420-632-308-7954,1994
111,Weston Damsell,wdamsell32@flickr.com,$58528.97,+351-393-879-3754,2006
112,Beniamino Millington,bmillington33@ucla.edu,$27225.81,+62-462-336-1473,2001
113,Colet Carolan,ccarolan34@businessinsider.com,$26274.73,+33-396-245-2340,2009
114,Elvis Crocetti,ecrocetti35@newyorker.com,$30164.11,+62-308-238-4708,2007
115,Greg Lagde,glagde36@webs.com,$26753.22,+49-777-453-2803,1984
116,Monroe Armit,marmit37@trellian.com,$75860.17,+972-559-205-6563,2006
117,Tiler Toman,ttoman38@google.cn,$32042.42,+593-975-343-2411,1998
118,See Riccardini,sriccardini39@webs.com,$49471.50,+63-959-533-6654,1999
119,Rosana Kelwaybamber,rkelwaybamber3a@pinterest.com,$84552.88,+92-711-290-6804,2013
120,Darline Kettell,dkettell3b@upenn.edu,$33964.64,+1-706-168-3430,2006
121,Lottie De Cruz,lde3c@youtube.com,$73563.91,+55-507-610-0123,2004
122,Fernandina Hanford,fhanford3d@whitehouse.gov,$42660.20,+66-414-305-1482,1992
123,Gwennie Jiroutka,gjiroutka3e@dell.com,$20555.32,+62-338-735-4210,2008
124,Annadiana Ormonde,aormonde3f@vimeo.com,$29821.90,+998-132-846-1468,2005
125,Hy Sandford,hsandford3g@mediafire.com,$31172.85,+86-409-251-6577,1984
126,Gery Wallenger,gwallenger3h@github.io,$20654.93,+86-174-332-7700,1998
127,Adelle Albrighton,aalbrighton3i@github.com,$75551.39,+965-961-798-4902,1992
128,Palmer Vass,pvass3j@deliciousdays.com,$49962.82,+351-160-280-9035,2002
129,Nevil Bispo,nbispo3k@usnews.com,$17176.77,+254-361-201-3002,1997
130,Eleanore Drei,edrei3l@yellowbook.com,$53987.32,+33-727-508-4831,2001
131,Shae Stanmer,sstanmer3m@samsung.com,$39802.39,+237-348-528-9572,1978
132,Mommy Baggaley,mbaggaley3n@guardian.co.uk,$20794.87,+48-201-705-4518,2001
133,Karolina Deller,kdeller3o@amazon.co.jp,$38646.88,+63-403-733-7127,1992
134,Aeriell Ummfrey,aummfrey3p@psu.edu,$83368.06,+98-916-253-8662,1998
135,Vanessa Stovin,vstovin3q@bloglovin.com,$22021.66,+57-450-244-5537,1993
136,Babs Egle of Germany,begle3r@biglobe.ne.jp,$20405.54,+39-624-271-8195,1957
137,Isak Climer,iclimer3s@facebook.com,$32744.96,+86-473-987-1622,1995
138,Darcie Twoohy,dtwoohy3t@w3.org,$29540.18,+62-298-520-7843,2012
139,Alejandrina Bristo,abristo3u@youtu.be,$55677.01,+227-969-213-1368,1992
140,Elisabeth Kedie,ekedie3v@cyberchimps.com,$59780.71,+86-783-172-5042,2010
141,Harwilll Mathwin,hmathwin3w@cam.ac.uk,$56450.96,+86-156-593-5491,2011
142,Bucky Routham,broutham3x@tripod.com,$75332.62,+62-383-920-7472,2004
143,Leonhard Angelo,langelo3y@oakley.com,$67605.89,+86-897-656-7200,2004
144,Amory Wakenshaw,awakenshaw3z@edublogs.org,$28390.34,+420-645-480-0732,2010
145,Jasen Nequest,jnequest40@gov.uk,$51078.59,+7-743-218-2377,2002
146,Bernice Dupoy,bdupoy41@simplemachines.org,$70585.83,+62-814-186-2312,1992
147,Hoebart Langabeer,hlangabeer42@livejournal.com,$82864.59,+62-562-595-5887,2013
148,Eveleen Collcutt,ecollcutt43@com.com,$66329.29,+66-839-928-8456,2012
149,Reba Tomashov,rtomashov44@toplist.cz,$64853.13,+420-214-619-2972,1992
150,Suzann Godsafe,sgodsafe45@zdnet.com,$64487.06,+212-547-570-4299,1999
151,Joelynn Ishaki,jishaki46@freewebs.com,$83505.99,+359-169-882-9910,2009
152,Dotti Blacket,dblacket47@state.tx.us,$44160.93,+7-147-321-7031,2012
153,Panchito Valentin,pvalentin48@acquirethisname.com,$34977.58,+86-421-332-2798,2012
154,Wilton Schubart,wschubart49@myspace.com,$69414.92,+61-346-941-3158,1998
155,Renate Luttger,rluttger4a@bandcamp.com,$21214.04,+57-934-224-8498,1990
156,Karen Degue,kdegue4b@symantec.com,$52190.97,+46-520-950-7602,2008
157,Jackson Clohisey,jclohisey4c@nymag.com,$18567.88,+86-435-430-8941,1992
158,Saleem Petrakov,spetrakov4d@indiegogo.com,$72580.13,+81-379-963-5899,2011
159,Felice Dahlen,fdahlen4e@dyndns.org,$48101.38,+48-391-485-1125,2003
160,Rem Britton,rbritton4f@dot.gov,$75011.79,+55-950-189-5510,2011
161,Carmon McRobbie,cmcrobbie4g@cisco.com,$44023.63,+374-113-268-8781,2007
162,Moll Hyams,mhyams4h@imdb.com,$83458.67,+86-709-424-9303,2009
163,Ianthe Stebbin,istebbin4i@nbcnews.com,$18113.04,+1-826-683-7243,1995
164,Blaine Merryweather,bmerryweather4j@yahoo.co.jp,$66259.48,+244-929-107-9349,2001
165,Berenice McNae,bmcnae4k@devhub.com,$44295.35,+86-995-502-4207,1998
166,Helge Paolillo,hpaolillo4l@cocolog-nifty.com,$47416.61,+355-803-506-9537,1985
167,Rivalee Butcher,rbutcher4m@comcast.net,$74061.11,+370-305-633-8233,2011
168,Phillie Vosse,pvosse4n@creativecommons.org,$82364.72,+62-390-102-6239,1990
169,Thomasin Stapells,tstapells4o@cloudflare.com,$32546.47,+46-666-386-3267,2013
170,Maritsa Glowach,mglowach4p@umn.edu,$50605.20,+62-123-122-5988,1988
171,Torr Plaxton,tplaxton4q@tuttocitta.it,$46439.25,+63-552-163-7183,2008
172,Gusti Pedri,gpedri4r@independent.co.uk,$59927.67,+256-943-618-4141,2001
173,Eddie Kupker,ekupker4s@comcast.net,$42252.03,+63-888-410-6424,2005
174,Tully Lyes,tlyes4t@cam.ac.uk,$28944.69,+62-614-272-7231,1986
175,Noemi McInnes,nmcinnes4u@hatena.ne.jp,$21055.38,+57-129-651-9849,1999
176,Emily Inkles,einkles4v@oaic.gov.au,$55959.68,+506-190-400-9710,2009
177,Maximo Tieman,mtieman4w@va.gov,$35624.01,+63-357-324-9183,2002
178,Dianne Gilham,dgilham4x@devhub.com,$79261.57,+7-960-336-9484,1986
179,Hatti Shimoni,hshimoni4y@chronoengine.com,$20976.74,+86-630-805-4863,2000
180,Rog Darwent,rdarwent4z@constantcontact.com,$44087.68,+1-505-116-9964,2011
181,Bobbie Dibbert,bdibbert50@tinypic.com,$42633.57,+212-761-615-0577,2007
182,Tiena Ingram,tingram51@usnews.com,$56524.53,+7-163-322-4305,2000
183,Farlie Filippone,ffilippone52@constantcontact.com,$67297.37,+62-845-488-2820,1993
184,Cele Smewing,csmewing53@ustream.tv,$83534.13,+241-987-239-5385,1994
185,Johnna Eixenberger,jeixenberger54@blogspot.com,$61173.13,+242-287-853-1539,2011
186,Massimo McCarthy,mmccarthy55@woothemes.com,$69298.74,+62-453-707-9174,2007
187,Gwyneth Pampling,gpampling56@si.edu,$27932.11,+386-313-300-1622,2005
188,Pedro Shere,pshere57@oakley.com,$66959.84,+62-314-952-5488,2009
189,Pamela Fine,pfine58@discovery.com,$33121.24,+48-879-106-1569,2000
190,Valeria De'Vere - Hunt,vdevere59@theguardian.com,$76589.42,+86-218-757-3998,2003
191,Filmore Carmo,fcarmo5a@ameblo.jp,$30922.87,+86-772-156-8387,2000
192,Blinnie Laight,blaight5b@netvibes.com,$34821.35,+507-949-181-5944,1993
193,Dorrie Flay,dflay5c@edublogs.org,$22609.53,+351-303-880-7163,1997
194,Ashien Liverock,aliverock5d@sfgate.com,$60137.43,+86-484-328-7520,1998
195,Keriann Longstaffe,klongstaffe5e@ucoz.ru,$49138.60,+86-700-316-6157,2009
196,Vachel Gumn,vgumn5f@indiatimes.com,$77747.26,+62-375-619-3761,2005
197,Westleigh Bruyns,wbruyns5g@redcross.org,$18995.40,+62-688-187-7917,2001
198,Pearle Mathewson,pmathewson5h@bandcamp.com,$79959.78,+86-199-309-4228,2002
199,Leola Tiller,ltiller5i@nifty.com,$52599.09,+86-448-329-0302,1992
200,Killie Gripton,kgripton5j@devhub.com,$80319.62,+45-240-896-3129,2009
201,Tommy Standish-Brooks,tstandishbrooks5k@sbwire.com,$72809.20,+358-568-875-1507,1996
202,Mariette Cropper,mcropper5l@altervista.org,$39207.75,+7-927-568-2349,2006
203,Trevor Macro,tmacro5m@yelp.com,$17805.64,+86-482-612-2716,1997
204,Gaby Wealleans,gwealleans5n@jugem.jp,$18075.20,+351-522-581-0090,2011
205,Ari Rainon,arainon5o@kickstarter.com,$30775.33,+7-730-103-6714,1997
206,Thomasa McTurley,tmcturley5p@chron.com,$61369.30,+358-958-308-0674,2007
207,Aidan Farreil,afarreil5q@bravesites.com,$58733.34,+46-343-441-4250,1992
208,Valry Spellesy,vspellesy5r@zimbio.com,$83993.06,+262-155-608-7089,2004
209,Cherey Renne,crenne5s@unicef.org,$30644.07,+54-559-633-5344,1990
210,Mignon Jann,mjann5t@earthlink.net,$56866.72,+84-295-726-3471,2000
211,Karlotta Lydster,klydster5u@unicef.org,$69344.72,+62-141-951-0840,1992
212,Cordie Awmack,cawmack5v@amazon.co.jp,$83174.88,+46-813-959-2467,1994
213,Sonia Westwood,swestwood5w@ameblo.jp,$70414.25,+33-208-206-2418,1971
214,Sherlocke Boas,sboas5x@exblog.jp,$55738.71,+92-225-175-3402,2007
215,Boothe Merck,bmerck5y@ted.com,$39469.82,+380-991-477-2591,2008
216,Crosby Andrieux,candrieux5z@nsw.gov.au,$31637.17,+691-521-436-5003,1967
217,Deidre Millichip,dmillichip60@cyberchimps.com,$21574.09,+86-310-848-9312,2002
218,Bettina Caroline,bcaroline61@go.com,$24134.41,+63-838-778-7036,2011
219,Flory Jiggle,fjiggle62@jalbum.net,$65083.94,+84-227-933-9290,2008
220,Barbabra Hefner,bhefner63@dropbox.com,$58942.98,+264-704-212-4741,2003
221,Nealon Izkoveski,nizkoveski64@unicef.org,$23086.24,+62-448-397-5253,2006
222,Harrie Erricker,herricker65@ebay.com,$43238.89,+62-936-225-5390,1994
223,Annis Dawe,adawe66@cloudflare.com,$50759.60,+502-913-138-3687,1992
224,Wendeline Christian,wchristian67@zimbio.com,$45281.08,+265-343-978-2829,1999
225,Bernarr Birdwhistle,bbirdwhistle68@europa.eu,$59618.86,+358-955-200-9387,2010
226,Maryjo Works,mworks69@wikipedia.org,$80049.88,+63-339-368-8723,2002
227,Rosabelle Itzik,ritzik6a@blogspot.com,$54109.74,+380-856-782-9945,2011
228,Ernaline Linkleter,elinkleter6b@boston.com,$27160.91,+502-260-935-6443,1985
229,Raimund Swannie,rswannie6c@usa.gov,$84218.43,+62-693-540-9349,1987
230,Catlaina Igonet,cigonet6d@discovery.com,$61153.04,+254-709-245-5158,1990
231,Siward Claridge,sclaridge6e@people.com.cn,$26018.10,+86-499-583-8418,1994
232,Itch Bruyett,ibruyett6f@booking.com,$22503.94,+52-920-313-5890,2011
233,Meier Lavin,mlavin6g@joomla.org,$75574.59,+86-628-813-0441,2002
234,Parker McKerrow,pmckerrow6h@clickbank.net,$29472.81,+46-754-918-1000,2012
235,Al Dowsett,adowsett6i@google.co.jp,$40559.37,+351-334-546-0032,2012
236,Mikaela Runciman,mrunciman6j@ocn.ne.jp,$58859.84,+960-408-982-8719,2006
237,Marj Stilling,mstilling6k@pinterest.com,$46730.65,+351-384-192-8937,2006
238,Ahmed Carse,acarse6l@i2i.jp,$47755.53,+86-504-651-0308,2005
239,Trudie Hardie,thardie6m@telegraph.co.uk,$81333.11,+62-732-319-8475,1995
240,Christiano Restill,crestill6n@t.co,$35306.87,+86-320-990-6470,1990
241,Allyson Bunning,abunning6o@shinystat.com,$66203.96,+359-954-552-3496,2004
242,Ebba Gheeorghie,egheeorghie6p@is.gd,$79223.91,+54-858-741-1519,2011
243,Dacie Derham,dderham6q@163.com,$34822.40,+60-407-853-7890,1995
244,Fanni Mebes,fmebes6r@surveymonkey.com,$60295.11,+235-525-203-3614,2001
245,Belicia Petri,bpetri6s@chicagotribune.com,$18554.49,+352-284-473-3136,2003
246,Catherine Bazell,cbazell6t@istockphoto.com,$32286.94,+370-958-372-1412,1996
247,Egbert Musto,emusto6u@eepurl.com,$20153.45,+33-959-923-9064,1992
248,Milo Straffon,mstraffon6v@desdev.cn,$41144.11,+254-300-115-7441,1993
249,Trueman Wilbor,twilbor6w@last.fm,$38928.13,+86-882-969-2330,2004
250,Dell Libbe,dlibbe6x@economist.com,$80011.79,+58-249-395-6464,2005
251,Arv Allflatt,aallflatt6y@tinypic.com,$83085.41,+86-580-347-6792,2003
252,Baillie Jacqueminet,bjacqueminet6z@slideshare.net,$25575.55,+48-576-271-6761,2002
253,Emelda Bruckstein,ebruckstein70@oaic.gov.au,$47614.49,+51-803-596-4418,2007
254,Adolf Wilder,awilder71@merriam-webster.com,$78988.36,+55-516-439-0484,2004
255,Vicky Liston,vliston72@cloudflare.com,$77148.10,+94-662-422-5480,1994
256,Nappy Pulham,npulham73@timesonline.co.uk,$81765.94,+63-572-249-6950,2006
257,Edmund Newbury,enewbury74@auda.org.au,$64685.51,+1-296-646-3145,2004
258,Hillie Sunshine,hsunshine75@dailymotion.com,$61390.94,+44-752-662-9865,2006
259,Myer Furze,mfurze76@google.nl,$32171.11,+62-928-951-7612,2010
260,Dena Cotmore,dcotmore77@bloomberg.com,$59519.38,+81-382-437-0844,1999
261,Bogart Luten,bluten78@posterous.com,$29668.55,+86-340-259-3005,2009
262,Rowan Fielden,rfielden79@blogtalkradio.com,$37831.81,+7-791-135-9034,1994
263,Lavinie Seath,lseath7a@t.co,$47801.23,+7-416-199-0970,1993
264,Kip Blair,kblair7b@miibeian.gov.cn,$56175.93,+48-338-464-3780,2010
265,Emera Ingliss,eingliss7c@digg.com,$54457.37,+30-439-222-1014,2006
266,Murielle Salvati,msalvati7d@addtoany.com,$66037.94,+55-633-538-3518,2010
267,Dyanne Fedorski,dfedorski7e@ed.gov,$23915.58,+62-803-797-5562,1995
268,Harry Denyer,hdenyer7f@apache.org,$77693.25,+48-604-256-7071,1998
269,Flora Dunkerly,fdunkerly7g@kickstarter.com,$69051.58,+381-862-580-9587,2007
270,Raymond Campkin,rcampkin7h@diigo.com,$43387.52,+972-368-226-2136,2001
271,Gaby Stiff,gstiff7i@merriam-webster.com,$38539.30,+81-629-616-3431,1987
272,Broddy Sambrook,bsambrook7j@opensource.org,$21409.98,+62-802-137-1591,2009
273,Vasili Braferton,vbraferton7k@about.me,$71805.24,+7-498-105-9020,1995
274,Aldo Brackpool,abrackpool7l@prlog.org,$26587.27,+86-309-672-7184,1994
275,Anders Planque,aplanque7m@apple.com,$25721.50,+267-971-896-2153,1995
276,Alano Kall,akall7n@mapquest.com,$35052.18,+504-621-945-0620,2004
277,Geneva Cheetham,gcheetham7o@theguardian.com,$49834.97,+62-580-540-1456,2002
278,Gannon Kearney,gkearney7p@wix.com,$25969.93,+57-709-980-4203,2001
279,Ekaterina Garrold,egarrold7q@skyrock.com,$37054.77,+63-944-564-7002,1994
280,Tine Bruggeman,tbruggeman7r@arstechnica.com,$56486.48,+960-990-347-2096,2005
281,Dallas Troyes,dtroyes7s@youtube.com,$50705.40,+355-747-371-4151,1994
282,Arne Karlicek,akarlicek7t@naver.com,$71909.82,+7-758-201-0133,2006
283,Reynard Nattrass,rnattrass7u@sourceforge.net,$71149.43,+351-227-389-4523,2005
284,Mercy Petasch,mpetasch7v@bbb.org,$59388.30,+33-447-140-6308,2000
285,Greta Simone,gsimone7w@shop-pro.jp,$79558.08,+1-334-408-5007,2004
286,Clement Scrivin,cscrivin7x@qq.com,$84356.90,+973-345-344-9022,1986
287,Brinna McDougle,bmcdougle7y@yelp.com,$26570.00,+47-881-355-2227,1999
288,Vanda Pickerell,vpickerell7z@discuz.net,$41165.89,+232-276-645-7080,1994
289,Georgeta Buxsy,gbuxsy80@is.gd,$37671.48,+7-869-277-7941,1995
290,Guglielmo Burgoine,gburgoine81@cafepress.com,$73720.18,+54-894-794-3416,2003
291,Carlita Wrettum,cwrettum82@cisco.com,$41007.82,+86-385-265-6098,2003
292,Candice Brims,cbrims83@spotify.com,$57394.07,+1-434-289-0568,1992
293,Hugues Anthes,hanthes84@hibu.com,$56190.09,+359-579-174-9451,2012
294,Reynolds Marcinkowski,rmarcinkowski85@weather.com,$79345.16,+86-353-937-3554,1995
295,Milt Lashbrook,mlashbrook86@rambler.ru,$24318.54,+34-989-146-1501,1994
296,Quincy Peoples,qpeoples87@github.com,$63070.51,+62-397-388-3388,2009
297,Rhiamon Goodman,rgoodman88@taobao.com,$48260.78,+84-419-558-6320,1992
298,Carolina Lensch,clensch89@netvibes.com,$17810.14,+86-182-414-3709,1996
299,Nikolaos Fieldgate,nfieldgate8a@nifty.com,$34564.68,+86-997-500-2956,1973
300,Carroll Gilding,cgilding8b@tripod.com,$38205.34,+212-879-569-0816,1999
301,Linda Shew,lshew8c@acquirethisname.com,$27388.47,+39-477-244-7830,1994
302,Tracee Tribble,ttribble8d@mlb.com,$29973.70,+31-455-466-4820,1991
303,Adelheid Wigzell,awigzell8e@google.it,$82085.58,+420-428-682-2817,1989
304,Zara Higgoe,zhiggoe8f@netlog.com,$74155.31,+62-101-460-6455,1999
305,Vikki MacCarrick,vmaccarrick8g@ycombinator.com,$29776.91,+7-917-809-4580,2005
306,Dianna Crosby,dcrosby8h@360.cn,$75086.44,+93-253-805-0276,2006
307,Robenia Morehall,rmorehall8i@nytimes.com,$73263.01,+81-607-842-5301,2005
308,Thurston Erickson,terickson8j@blogspot.com,$76229.76,+57-939-955-2851,2008
309,Dru Gartin,dgartin8k@amazon.co.jp,$83052.08,+34-869-598-1127,2010
310,Guss Cicci,gcicci8l@clickbank.net,$49859.12,+86-624-186-1008,2006
311,Bucky Shipton,bshipton8m@shutterfly.com,$77464.70,+678-309-968-4388,1994
312,Colline Moir,cmoir8n@nba.com,$79053.98,+63-479-923-2670,2012
313,Minnnie Buntine,mbuntine8o@google.co.uk,$18094.77,+351-164-939-2279,2001
314,Kelbee Blaxall,kblaxall8p@hud.gov,$36114.66,+62-291-671-5845,1926
315,Skippie Grand,sgrand8q@vimeo.com,$44086.05,+86-696-160-5933,2005
316,Drona Stanbury,dstanbury8r@jigsy.com,$66766.63,+86-911-807-7464,1998
317,Benjamen McKeney,bmckeney8s@toplist.cz,$28760.81,+82-344-288-6224,1990
318,Liuka Jahn,ljahn8t@spotify.com,$62197.88,+31-757-895-7518,2010
319,Darya Pinkstone,dpinkstone8u@xinhuanet.com,$63131.80,+55-559-401-3624,2011
320,Clim Nisbith,cnisbith8v@ucoz.com,$84098.18,+66-292-147-5316,2010
321,Tim Brocks,tbrocks8w@netlog.com,$68224.89,+86-113-515-4849,1990
322,Burch Barrar,bbarrar8x@woothemes.com,$66186.85,+62-836-189-9494,2002
323,Alic Heinert,aheinert8y@surveymonkey.com,$51614.61,+86-210-324-7885,2010
324,Karen Bellwood,kbellwood8z@nature.com,$45831.31,+82-626-776-8698,2006
325,Lola Adiscot,ladiscot90@amazon.co.uk,$35538.91,+33-483-299-3630,1994
326,Tadio Baptist,tbaptist91@dion.ne.jp,$62085.02,+63-469-923-7734,1999
327,Shirlene Leborgne,sleborgne92@boston.com,$27915.93,+63-736-367-5257,2010
328,Nola Asbury,nasbury93@feedburner.com,$29021.31,+64-230-450-1158,2006
329,Kala Warsap,kwarsap94@about.me,$75581.88,+505-326-493-0088,1999
330,Wilie Risbridge,wrisbridge95@oaic.gov.au,$39854.65,+963-966-807-6612,2011
331,Guthrie Skeermor,gskeermor96@google.fr,$17034.93,+84-809-160-0114,1993
332,Josie McNea,jmcnea97@usnews.com,$48900.60,+92-438-913-8481,2000
333,Phebe Matzl,pmatzl98@archive.org,$66074.87,+1-787-251-5223,1986
334,Sly Maulin,smaulin99@whitehouse.gov,$82105.58,+63-948-207-8060,1991
335,Donall Pemble,dpemble9a@whitehouse.gov,$49852.73,+1-988-481-6388,2008
336,Kathlin Cauley,kcauley9b@icio.us,$58734.87,+62-935-492-8373,2002
337,Sheelagh Hannan,shannan9c@tripod.com,$58323.77,+63-810-945-6270,1998
338,Breena Kitchingman,bkitchingman9d@hp.com,$69383.94,+57-561-486-1025,2003
339,Adair Try,atry9e@jugem.jp,$72568.73,+358-755-223-7576,2013
340,Tim Guslon,tguslon9f@delicious.com,$55441.83,+234-781-952-8534,1992
341,Roxi Lempke,rlempke9g@reverbnation.com,$25324.18,+598-671-395-2676,1994
342,Griffin Ivanov,givanov9h@fc2.com,$69751.10,+63-714-517-6040,1993
343,Melisandra Bysaker,mbysaker9i@etsy.com,$27330.73,+62-373-373-8211,1985
344,Rosalynd Bover,rbover9j@washingtonpost.com,$50405.10,+51-149-181-8984,2005
345,Tomi Bayston,tbayston9k@tamu.edu,$21395.49,+994-896-687-9264,1994
346,Janina Olford,jolford9l@nature.com,$82400.43,+970-932-197-8551,2005
347,Reade Parcells,rparcells9m@yahoo.com,$48209.85,+86-496-262-1364,2009
348,Sollie Thatcher,sthatcher9n@dailymotion.com,$72939.11,+86-187-773-5090,2000
349,Garry Espinola,gespinola9o@dot.gov,$78256.78,+55-903-967-6059,2011
350,Tyler Bromage,tbromage9p@goo.ne.jp,$52299.52,+7-474-621-3734,1995
351,Stuart Maleham,smaleham9q@apple.com,$46258.46,+62-344-100-5359,2012
352,Tine Scotchbourouge,tscotchbourouge9r@dot.gov,$77238.29,+48-369-598-5453,1992
353,Arte Hendrix,ahendrix9s@edublogs.org,$33827.88,+7-554-852-1154,2009
354,May Sterry,msterry9t@tmall.com,$17088.48,+1-525-632-0457,1986
355,Konstantine Schlagtmans,kschlagtmans9u@google.pl,$63842.63,+81-218-237-7312,2009
356,Puff Raffan,praffan9v@house.gov,$75790.45,+33-388-474-9359,1993
357,Shandeigh Dincey,sdincey9w@example.com,$47083.59,+62-926-403-0101,1992
358,Jolynn Orcas,jorcas9x@independent.co.uk,$19085.59,+231-440-575-0446,2008
359,Darrick Hazelgreave,dhazelgreave9y@liveinternet.ru,$72026.72,+216-707-843-6034,2011
360,Cirstoforo Gotliffe,cgotliffe9z@exblog.jp,$50664.35,+86-617-680-4388,2005
361,Sile Stevani,sstevania0@google.it,$61041.32,+84-423-731-3858,2004
362,Karlen Jenken,kjenkena1@sphinn.com,$72962.24,+234-576-908-4743,2004
363,Lowell Pietesch,lpietescha2@issuu.com,$41528.23,+30-878-736-1743,1998
364,Silvie Blanc,sblanca3@npr.org,$64354.52,+7-268-740-6075,2003
365,Diego Drewet,ddreweta4@dedecms.com,$58823.41,+380-668-260-9552,2000
366,Clevey Glawsop,cglawsopa5@ftc.gov,$79092.61,+62-781-144-5275,2011
367,Maurizia Sprionghall,msprionghalla6@deliciousdays.com,$37056.98,+232-858-260-4357,2003
368,George Antognozzii,gantognozziia7@flickr.com,$65543.50,+55-236-585-4813,1993
369,Tamas Telfer,ttelfera8@mac.com,$37452.59,+55-207-147-1583,2010
370,Sinclair Edney,sedneya9@topsy.com,$41222.97,+212-438-171-6409,2007
371,Kim Bernot,kbernotaa@virginia.edu,$54719.45,+504-526-823-9802,2011
372,Antonina Sarfass,asarfassab@homestead.com,$52788.01,+63-299-454-1011,1990
373,Daniella Gladdor,dgladdorac@shutterfly.com,$60190.76,+33-422-862-0635,1993
374,Karissa Mancktelow,kmancktelowad@goo.gl,$44952.59,+86-600-659-4589,2003
375,Salmon Newlan,snewlanae@zimbio.com,$72125.76,+51-770-737-3509,2009
376,Vaughn Clark,vclarkaf@bigcartel.com,$82626.99,+46-145-602-8989,1995
377,Katina Girdwood,kgirdwoodag@imgur.com,$38423.71,+84-426-846-4402,1963
378,Ainslee Baybutt,abaybuttah@sbwire.com,$78029.00,+81-983-811-1451,1994
379,Bibby Pawlaczyk,bpawlaczykai@answers.com,$66691.53,+86-751-465-7249,2002
380,Evaleen Ginger,egingeraj@google.com,$18183.85,+86-878-747-0426,2007
381,Kassandra Denys,kdenysak@flickr.com,$57917.71,+55-863-368-8268,2008
382,Bink Roof,broofal@gov.uk,$18639.08,+996-992-477-1773,2012
383,Mathew Masson,mmassonam@google.com.au,$38956.72,+62-317-563-5229,1999
384,Catarina McComish,cmccomishan@narod.ru,$56155.97,+86-976-747-6376,1997
385,Hanna Maric,hmaricao@ask.com,$45615.66,+86-746-650-1399,2009
386,Amalea Haquard,ahaquardap@xing.com,$75670.14,+86-232-459-0815,2013
387,Olga Oldford,ooldfordaq@privacy.gov.au,$39620.83,+51-288-411-7669,2010
388,Waldon Bavin,wbavinar@youku.com,$54474.14,+386-918-255-6750,2000
389,Fritz Dignon,fdignonas@usa.gov,$43669.95,+358-694-450-2918,2007
390,Brana Biaggetti,bbiaggettiat@networksolutions.com,$50806.77,+62-405-464-2018,1986
391,Fabiano Mallaby,fmallabyau@japanpost.jp,$79432.47,+64-169-491-6843,1996
392,Shalna Walesby,swalesbyav@yahoo.co.jp,$45288.71,+53-695-574-6869,2009
393,Rois Filipowicz,rfilipowiczaw@yahoo.co.jp,$71396.87,+56-161-728-6035,1989
394,Brody Polsin,bpolsinax@abc.net.au,$17918.19,+972-224-615-1839,2005
395,Bil Duckfield,bduckfielday@jimdo.com,$43918.72,+381-950-271-7701,2005
396,Alvin Wernham,awernhamaz@google.es,$42027.83,+86-509-112-4379,2010
397,Klarrisa Tacker,ktackerb0@godaddy.com,$74539.12,+57-215-390-7576,1991
398,Pall Simmins,psimminsb1@wiley.com,$28665.10,+55-782-155-8898,1991
399,Eduardo Etheredge,eetheredgeb2@google.ru,$77568.69,+51-433-930-6523,2012
400,Jelene Rispen,jrispenb3@prnewswire.com,$71298.25,+64-215-805-5588,2001
401,Lynn Snasel,lsnaselb4@omniture.com,$23226.44,+994-398-399-4838,2010
402,Vernice Ducker,vduckerb5@auda.org.au,$36949.61,+505-769-861-2826,2007
403,Charmane Anfosso,canfossob6@independent.co.uk,$70463.04,+54-291-620-1349,1983
404,Kurtis Belverstone,kbelverstoneb7@bing.com,$59760.38,+62-964-591-8593,2007
405,Annissa Trusler,atruslerb8@privacy.gov.au,$21559.96,+62-324-711-5834,2003
406,Ola Garric,ogarricb9@typepad.com,$64285.35,+359-808-467-4384,2004
407,Hendrick Capinetti,hcapinettiba@topsy.com,$28231.25,+267-102-352-2104,2005
408,Francklin Greenhough,fgreenhoughbb@tripod.com,$34689.28,+63-135-690-2051,2009
409,Papageno Geratasch,pgerataschbc@fc2.com,$23491.07,+54-955-128-1949,2008
410,Georgianna Redon,gredonbd@delicious.com,$47664.45,+60-377-201-4620,1964
411,Ancell Goodricke,agoodrickebe@google.com.br,$42008.40,+81-677-380-1052,2005
412,Georgianna Beardshaw,gbeardshawbf@independent.co.uk,$30943.54,+86-379-992-4930,1995
413,Blake Dearnaly,bdearnalybg@ocn.ne.jp,$75479.23,+86-291-848-3088,2011
414,Van Berick,vberickbh@reuters.com,$18032.27,+7-338-348-3162,2007
415,Symon Ambrozewicz,sambrozewiczbi@indiegogo.com,$41322.63,+66-491-352-4234,1991
416,Alaine Ellis,aellisbj@blogtalkradio.com,$25239.93,+46-655-675-8115,2006
417,Norine Grutchfield,ngrutchfieldbk@devhub.com,$54202.73,+48-202-883-7989,1994
418,Hayden Slessor,hslessorbl@alexa.com,$45686.01,+48-925-230-0310,1987
419,Lazar Rohlfs,lrohlfsbm@163.com,$21851.48,+39-298-770-9060,1994
420,Eleen Muston,emustonbn@salon.com,$76109.77,+62-112-239-3746,2008
421,Gavan Cogzell,gcogzellbo@sphinn.com,$34221.88,+86-579-377-5851,1992
422,Malcolm Sibbson,msibbsonbp@seattletimes.com,$61006.78,+86-136-238-1504,2013
423,Dominik Stickel,dstickelbq@wordpress.org,$83013.57,+62-977-688-3004,1992
424,Cointon Klus,cklusbr@webnode.com,$63048.15,+62-312-513-6280,1994
425,Meggie Adin,madinbs@va.gov,$61697.83,+503-992-987-9935,2009
426,Niles Janc,njancbt@edublogs.org,$82003.37,+62-646-492-5709,1999
427,Lyndsey Marrison,lmarrisonbu@cdc.gov,$63846.21,+62-427-686-1713,2005
428,Melodie Rove,mrovebv@prlog.org,$19951.70,+1-873-384-6676,1994
429,Virgie Stelfox,vstelfoxbw@google.ru,$36577.86,+351-164-430-0115,2008
430,Vinni Cave,vcavebx@godaddy.com,$65748.38,+86-222-875-8342,1988
431,Ruthy Doxey,rdoxeyby@reference.com,$61783.92,+66-112-761-7580,1996
432,Lu Charlewood,lcharlewoodbz@baidu.com,$51737.75,+351-163-530-7120,2012
433,Ethyl Doodney,edoodneyc0@digg.com,$64724.56,+86-336-865-3658,2002
434,Ofelia Sutherington,osutheringtonc1@xrea.com,$49287.02,+98-148-906-8216,1996
435,Ethelda Farlam,efarlamc2@vinaora.com,$58080.88,+48-217-741-7617,2009
436,Riannon Kiendl,rkiendlc3@jiathis.com,$35917.14,+86-345-333-4276,2009
437,Law Doubleday,ldoubledayc4@unicef.org,$63934.04,+86-148-380-0585,2009
438,Whitaker McRill,wmcrillc5@alibaba.com,$30938.81,+46-916-611-5271,1997
439,Gawen Meads,gmeadsc6@weibo.com,$54625.77,+46-347-888-0800,1991
440,Victoria De Vere,vdec7@uiuc.edu,$42341.56,+1-601-738-9283,2008
441,Gerome Waghorne,gwaghornec8@blinklist.com,$27589.98,+33-241-654-8003,2006
442,Gifford Davson,gdavsonc9@cbslocal.com,$52306.33,+62-312-744-6946,2011
443,Clem Muzzlewhite,cmuzzlewhiteca@people.com.cn,$25126.39,+504-967-343-0672,1988
444,Cully Ehrat,cehratcb@statcounter.com,$72256.08,+62-194-484-2708,1986
445,Say Chaudret,schaudretcc@npr.org,$80816.90,+62-339-570-5507,2006
446,Prudy Bendon,pbendoncd@deliciousdays.com,$29145.20,+33-132-909-4493,2010
447,Candy Heeran,cheerance@dedecms.com,$20284.09,+86-839-571-9278,1996
448,Bale Oseland,boselandcf@auda.org.au,$60343.05,+82-126-782-3378,2010
449,Sallyanne Dundendale,sdundendalecg@wikispaces.com,$46237.42,+84-918-258-3104,2000
450,Chelsy Costen,ccostench@hud.gov,$84926.43,+55-187-537-0675,1995
451,Reuben Brient,rbrientci@indiatimes.com,$35502.35,+356-601-752-6850,1988
452,Adam Blackler,ablacklercj@webeden.co.uk,$36077.32,+351-508-384-4730,2001
453,Wilmer Ridgers,wridgersck@smugmug.com,$59656.27,+86-826-690-7054,2012
454,Alphonso Domenichelli,adomenichellicl@fastcompany.com,$21890.07,+212-670-629-4022,2009
455,Griffy Hobell,ghobellcm@youtube.com,$74052.69,+62-677-788-4728,2012
456,Vida Millott,vmillottcn@twitter.com,$28817.12,+380-733-295-3973,2006
457,Jeromy Eastope,jeastopeco@google.ru,$39010.28,+7-618-344-0445,2003
458,Dorthea Hubeaux,dhubeauxcp@ucoz.com,$19123.48,+355-203-797-9813,2000
459,Minnnie Leggitt,mleggittcq@redcross.org,$35413.15,+7-172-209-2851,2009
460,Joana Knowlman,jknowlmancr@csmonitor.com,$18607.85,+218-530-359-1745,1995
461,Erminie Ninnoli,eninnolics@exblog.jp,$57145.66,+48-412-278-7657,1993
462,Noe Wicher,nwicherct@comcast.net,$67668.22,+86-706-295-1920,1996
463,Albertine Weth,awethcu@topsy.com,$57880.68,+62-554-859-8823,2004
464,Roseanna Whewell,rwhewellcv@google.com.au,$69653.80,+46-554-942-5945,1994
465,Deloris Stanmore,dstanmorecw@cnet.com,$33092.86,+33-997-288-7361,2007
466,Shellysheldon Faers,sfaerscx@samsung.com,$74078.26,+46-494-636-2796,1993
467,Mathew Paolino,mpaolinocy@newyorker.com,$79352.87,+84-555-979-7407,2005
468,Vernor Udale,vudalecz@columbia.edu,$62711.39,+7-264-651-7675,1989
469,Jacinta Fortune,jfortuned0@slate.com,$50403.13,+93-932-885-3149,1996
470,Glennis Mackie,gmackied1@webs.com,$42034.21,+34-214-563-6429,1994
471,Frank Niess,fniessd2@bloomberg.com,$44195.92,+86-913-904-6568,1989
472,Allene Aldins,aaldinsd3@salon.com,$80199.61,+1-412-655-6572,1996
473,Brigit Conneely,bconneelyd4@house.gov,$52807.28,+53-446-191-0059,2005
474,Marsh Krienke,mkrienked5@cdbaby.com,$38367.31,+420-699-287-8984,2010
475,Rustie Bruggeman,rbruggemand6@yahoo.co.jp,$37950.65,+92-253-252-7462,1994
476,Elfrieda Risso,erissod7@harvard.edu,$25394.94,+60-451-935-4284,1996
477,Juliann Le Noire,jled8@cyberchimps.com,$20592.56,+504-116-805-0494,2007
478,Butch Lenchenko,blenchenkod9@chicagotribune.com,$17539.17,+7-665-702-6017,2006
479,Denyse Switzer,dswitzerda@mysql.com,$69291.58,+86-991-687-6995,1999
480,Karlotte Lello,klellodb@goodreads.com,$54909.97,+1-622-550-9055,1986
481,Meara Matissoff,mmatissoffdc@acquirethisname.com,$49590.13,+62-102-711-6895,1994
482,Zorana Dabs,zdabsdd@networkadvertising.org,$56674.55,+1-346-844-7400,2000
483,Susana Brolechan,sbrolechande@nifty.com,$53065.05,+7-204-455-2390,2013
484,Rory Rohlf,rrohlfdf@woothemes.com,$60730.13,+970-286-813-9553,2005
485,Effie Kayes,ekayesdg@ocn.ne.jp,$66562.69,+86-118-270-9909,2002
486,Clem Huguenet,chuguenetdh@blogtalkradio.com,$33127.56,+86-290-533-0729,1994
487,Kareem Kordes,kkordesdi@scientificamerican.com,$37521.03,+62-468-148-6321,1988
488,Queenie Cabel,qcabeldj@pcworld.com,$70931.26,+507-144-419-5110,2013
489,Carlota Wishkar,cwishkardk@shinystat.com,$75518.10,+86-813-220-5612,2001
490,Betteann Satterly,bsatterlydl@naver.com,$67504.76,+86-567-695-4784,1993
491,Davida Spitaro,dspitarodm@taobao.com,$69450.50,+62-866-434-2346,2007
492,Paulette Klug,pklugdn@elegantthemes.com,$54268.10,+86-160-968-5085,2001
493,Julio Syncke,jsynckedo@booking.com,$63980.51,+57-765-727-4257,2004
494,Jasmin Sisey,jsiseydp@tumblr.com,$39927.44,+7-855-481-0469,1994
495,Guendolen Jowling,gjowlingdq@4shared.com,$74609.35,+55-997-553-1833,2008
496,Win McGrudder,wmcgrudderdr@canalblog.com,$60372.82,+351-138-859-7825,1988
497,Zed Johantges,zjohantgesds@cnet.com,$44220.70,+374-735-508-9094,1991
498,Mack Caen,mcaendt@deviantart.com,$56354.13,+995-111-415-3511,2004
499,Annette Bachelor,abachelordu@indiegogo.com,$50144.40,+352-952-303-2271,2006
500,Trude Bassil,tbassildv@mapquest.com,$45308.79,+55-736-291-5179,2007
